response_id,response,country,count
aur7hytaoghz6a46ejdplo2d4fxpisjy,United States of America,United States of America,19
rtwc5eo7aqsojsda1u2rtwc5eolieakg,United States of America,Canada,1
wxlynx4gv71wyrolb0hwxly4zth2pe2o,United States of America,Belgium,10
oe1jkuyq8y6bgvjn2oe1howvn1wf111s,Canada,Australia,3
42qwo3qu7skt8q63id4kxz42qwoe9yaa,Belgium,Netherlands,1
z94yxv4rmp0lcr3iffbdtfz94yxv4rcq,Australia,Finland,1
dwdiukkffe1hya3cb05mdwdiuir0sht0,Belgium,New Zealand,2
7b3ypv0p0uqfj2xf96e05qf7b3ypv0vl,Belgium,Austria,1
9waku1rlk44dll2hbhzk9waku1fb6h2o,Belgium,United Kingdom of Great Britain and Northern Ireland,8
hkwxtv3v25zls370aevxw175zhkwxtv3,Netherlands,Denmark,1
fe211ab5ks2f776izswfe211o2hecds3,Finland,Estonia,1
q11uud1fptg482fafq11uud4vrh6yi36,New Zealand,Spain,1
tszayy7u1a1b74kav93btszayese6rhd,Belgium,Brunei Darussalam,1
of6kvkrkaclu820xrhof6k7w660y6oqk,United States of America,Jersey,1
7pzwlwpur3bej0a8937pzwl12aes2ltg,Austria,Germany,4
uvkl3vit80kjvgoouvkl3v8quh9sjnj9,Belgium,Switzerland,1
nkylh3ybkto8unkylh4adhsh95yd04wm,United Kingdom of Great Britain and Northern Ireland,Norway,3
hy1neet1a3skjqlhy1ne3egm0y2bja0i,Denmark,Algeria,1
fmn7hea79wnqfjiq6nso9fmn7heasruo,Estonia,Peru,1
z61wrfd3po2838et9yrz61wrfd9p33u8,Spain,Sweden,2
esog2gbuub2p715u3fuesog2gcr3z02n,United States of America,France,1
e50smiryajyebxdc66e50smgjoco0gvu,New Zealand,,
26ztjqag0r87osa46826ztg4mxtiletx,United States of America,,
r01zox633lsuwzbzr01zox9e3axe93cr,Brunei Darussalam,,
0bhyo2hbsdgtbet4t3jx30bhyo2r4myt,Jersey,,
go8t4eyorwosuen1go8t5pru1xcqd8th,United States of America,,
9xoiiqr1cnf9c98zr49xoiiqdsd36bfc,Australia,,
9ijutm9bfl6796mfcv9gz9ijutmsesju,Germany,,
oeqwgovfmoihzt3fg9fbcoeqwg2bo95q,Australia,,
0c9jvmo1escnoq6gtr6fm0c9jvmoqn8z,United States of America,,
88wvqz2t66himl4ihx88wvqcblpp024e,Switzerland,,
babyab1zydrlx7vltbfbabyab1mzlaq3,United States of America,,
lrx9tlpmsyfap6vlrx9trbsstaywq0co,United Kingdom of Great Britain and Northern Ireland,,
er34mg4nxjflungurer34mqk53pijghr,Norway,,
49o7nqyuefmnn4n65xdv49o7np8uwxgd,United States of America,,
kik7vlf7ut40lskjv74wsflkik7vlc4d,United States of America,,
rriguwetu5a661qhrriguv9l0hn0z417,Belgium,,
ck2cg53wutzi5cp57y2ck2cg53wat4nc,Algeria,,
yxhnubneeo47beyxhnubymefind8axxi,United Kingdom of Great Britain and Northern Ireland,,
wpjpg9mttduhpzv00wpjpgjhihur9wtg,Belgium,,
6y2bg5xpam2s4ug6y2bgmy9wi1ywjpwn,Belgium,,
bbror1cmsvio6p28bbrohbnzuzd7dn3w,Peru,,
l01h8a1u0g7lx58a67l01h8o3vhx0uze,United States of America,,
xhd3gk4i44lm8hwiwj7yexhd3gk44typ,United Kingdom of Great Britain and Northern Ireland,,
49crwaovd086d8wmtomlj49crwaovd7q,United States of America,,
zq6ekf1n0ad4w54m1zq6ev4tkiyqoiqk,Sweden,,
eiiydla7jaw806aj9geiiydx96q4fnvt,Sweden,,
c1gnq6tlmursz99c1c7glf6beqdv8m4l,,,
x5kst67kzcutexur9x5kst6rjrwirmme,Belgium,,
8thoa9s49e5kn2q8thofsmwn9bfg8z1i,United Kingdom of Great Britain and Northern Ireland,,
nflq43rvg5nczabknflq43k08f9lnnfz,United States of America,,
3y34nik2c4osp0uz41j3y3fg4naggpdm,France,,
iwiee6jmvuwwkgpiwiozb325kisonzbx,United States of America,,
ikjy66oajfcxf56htikjy6t1m7909rt0,Germany,,
r2lx46sbh0x2dr2lxdf7n97igt1yl96h,United States of America,,
oa9qen1ogs8i4nlxog7oa9qen1om2950,United Kingdom of Great Britain and Northern Ireland,,
bqq4l92bexqnvxe4jsdjbqq4sf7x4g5l,Germany,,
6zmj9l0zuxojmv5v6koc6zmj1fueinjp,United Kingdom of Great Britain and Northern Ireland,,
tc5shso6tgz6x974tc5sh8g2pk115z2x,United States of America,,
xb0ceqx2lr5br0dqxb0cnqlr25eerl8x,Norway,,
daaw93oe925sonvw09xdaaauzwn6kwv9,Norway,,
8xodh8hiytzn8ymwhzjhscthiudz9sly,United Kingdom of Great Britain and Northern Ireland,,
f1eqedo46ra2puhss1f1eqed6j03mm0g,Germany,,
t7myrokfdw9vnpq8fuy80czt7myrhj1h,United States of America,,
r2au6mgw2mcep3a1ecrxlbuwy92hxy1t,United States of America,,